LEzJKwC8e6Q	なぜ「子を残さない思想」は滅びないのか【進化生物学】	NA	NA	1345
pjj6INSUcfQ	なぜ人類は「不安商品」に大金を払い続けるのか【進化心理学×行動経済学】	NA	NA	1522
GWTYPkjjwJU	なぜセンスは「才能」ではないのか【認知心理学】	NA	NA	1242
MZS3WhG1iKw	なぜ人はラブレターを書くのか？【社会心理学×記号論】	NA	NA	1361
bt0-Bdngjko	翻訳AIは、語学を不要にするのか？【言語学×認知科学】	NA	NA	1381
JhH7RQ2nlio	なぜ「忙しい人」ほど、無能に見えてしまうのか【情報経済学】	NA	NA	1270
7UwCMUsgQws	【教養】なぜ「うんこ」だけは汚いのに愛されるのか｜文化人類学×発達心理学	NA	NA	1372
syE-bnCbBvE	なぜ識字率が上がると国が滅びるのか【政治学×脳科学】	NA	NA	1435
MaMWTHW532k	なぜ現代人は異世界転生に心惹かれるのか【進化心理学】	NA	NA	1187
18TFMl33w8I	なぜ都会の孤独は“故郷のしがらみ”よりも甘美なのか【環境心理学×進化生物学】	NA	NA	1346
qp4oFj4C8jo	なぜ港区女子はモテるのに結婚できないのか【進化心理学×情報経済学】	NA	NA	1365
IUCM_nWWm1s	「頭がデカい奴ほど賢い」は本当なのか？【進化生物学×脳科学】	NA	NA	1168
d0g06xeZOYs	神不在の聖地を巡る人々は愚かなのか？【進化心理学×宗教社会学】	NA	NA	1229
uJQ5bS-PX3U	なぜ自然淘汰は、パンダを消せなかったのか【進化生物学×メディア論】	NA	NA	1432
ZhRXsEiuBns	なぜ面白い人は、イケメンでなくてもモテるのか【進化心理学】	NA	NA	1158
BaFdZmNIKdA	なぜ人は、歳を取るほど丸くなるのか【自己家畜化】	NA	NA	1287
rI9mUEB76gs	「英雄色を好む」は果たして本当なのか？【社会心理学×進化生物学】	NA	NA	1148
m-8a1M3rcv0	なぜ儲からない会社ほど、なかなか潰れないのか【進化生物学】	NA	NA	1286
55PFDeeWueM	なぜ国家は"違法"を見て見ぬふりするのか【統治論×公衆衛生】	NA	NA	1328
gGn7t8hyn_E	なぜ人は奪われるほど、満たされてしまうのか【社会心理学】	NA	NA	1097
MgC9VAWbJuE	なぜ武器は「最強の形」に収束しなかったのか【進化生物学×技術史】	NA	NA	1121
z0MwP9FRJjk	なぜ現代人は、“働きアリ”になりきれないのか【超個体論】	NA	NA	1299
gsWohSj3Acg	なぜ未だに、コンビニより美容室の方が多いのか【経済地理学×生理学】	NA	NA	960
_s08viR2R7M	なぜSNSは、デスノートより残酷なのか【法社会学×メディア論】	NA	NA	1076
uecAE3bCR4Y	なぜ「隠居」は現代日本から消えたのか【進化生物学】	NA	NA	1213
O4Ca6FXprH8	なぜ人類は“蟻”と化したAIに喰われたのか【進化生物学×経済学】	NA	NA	1194
uvGqLNEgFdM	なぜW杯と五輪では、"強い国"が入れ替わるのか【スポーツ経済学】	NA	NA	1197
E3KEdSw5Fq8	なぜ"自力で成功した人"など、一人もいないのか【菌類生態学×経済学】	NA	NA	1181
yfmHbtoP0sw	なぜ東京に出た若者は、子を残せず消えるのか【生態学×人口学】	NA	NA	1379
rwdUONHT4HU	なぜ冷笑する人ほど、賢そうに見えて損をするのか【社会心理学】	NA	NA	1216
qYMEucR0j80	なぜ人類は恵みの雨を　「うざい」と感じるように進化したのか【生態人類学】	NA	NA	1118
eVXTZrCj5qA	なぜ人類は「666」を恐れ、「999」を好くのか【神経科学】	NA	NA	1472
bmDBQwo_pV4	なぜ女児はお人形を、男児はミニカーを選ぶのか【ニッチ構築論】	NA	NA	1037
Ztcan00vAN8	なぜ続編は必ず駄作になるのか【行動経済学×脳科学】	NA	NA	992
PFdUa6xWRnY	なぜ“メロい”は、流行った瞬間から死語になるのか【社会言語学×感染症学】	NA	NA	1227
uvq4IHA35J8	なぜバカにされても2,400年間「情報商材」は滅びないのか？【情報経済学×宗教社会学】	NA	NA	1192
saOYjXdd_lY	なぜ"学歴が消えた世界”は、さらに残酷な選別を始めるのか【生態学×進化心理学】	NA	NA	1325
r8gdnL5DEZ8	なぜ脳はバーチャルの"推し"とリアルな恋を区別できないのか【神経科学×進化人類学】	NA	NA	1186
T5ftIiX1ehw	なぜ低身長男子は、何万世代経っても淘汰されないのか【進化生物学×性選択】	NA	NA	1123
jJ-u4tfMBA0	なぜ"ドパガキ"は、自分が「中毒患者」だと気づけないのか【脳科学×行動デザイン学】	NA	NA	1138
e9kN3HAlG7I	なぜ英雄はいつも遅れて登場するのか？【脳科学×社会心理学】	NA	NA	1162
WnhrE2YG9-U	なぜ人類は生き延びるために進化したのに、大義のために死ねるのか【進化生物学 × 文化人類学】	NA	NA	1226
nMemVzEa47Q	男女の友情は、なぜ「成立する」のに永遠に疑われ続けるのか【言語哲学 × 進化心理学】	NA	NA	1167
6TsT4Luhsws	18の文献が暴いた、努力と才能の不都合な事実【行動遺伝学×経済学】	NA	NA	1563
c778DdCcgTo	なぜ正義は価値観であり、世代は越えられないのか【道徳心理学×脳科学】	NA	NA	1194
EW5TIPkdAqg	なぜ人類は、血の証明より“家族という物語”を信じたのか【進化心理学×ゲーム理論】	NA	NA	1195
ckjBx-ngYkQ	なぜ“悪人ゼロ”の世界は、内側から滅びるのか【進化ゲーム理論×免疫学】	NA	NA	1329
2gWoYo-6K50	なぜ絵画を美で裁きながら、人を美で裁くことを禁忌としたのか【美学×道徳心理学】	NA	NA	1184
dUKq-ImX3rM	なぜ“うまい言葉”は、脳にこびりつくのか【認知科学×言語心理学】	NA	NA	928
vUhZCw3aTKk	なぜ脳は、恋人の「過去」にまで嫉妬してしまうのか【進化生物学×脳科学】	NA	NA	1104
6K6x1C2J2mg	なぜ「地方イオン派」VS「都会独身派」論争は終結しないのか【進化心理学×脳科学】	NA	NA	1290
6r0TDzptfOc	なぜ人はGW明けに、会社を辞めたくなるのか【進化心理学×神経科学】	NA	NA	1072
xXQnSQbR4LQ	親の離婚は、子どもの“当たり前”をどう変えるのか【家族心理学×疫学】	NA	NA	1398
FT8w3vMRd7Q	なぜモテたい男ほど“オス性”を捨て、中性化の道を選んだのか【進化心理学×シグナル理論】	NA	NA	994
TFNUrcHq3Ew	20の文献が暴いた、婚活市場の不都合な事実【進化心理学×行動経済学】	NA	NA	1432
cwp_JBHnlsY	なぜ現代人は「何者でもない自分」に耐えられないのか【進化心理学×比較文化学】	NA	NA	1248
4S0BlH9jt9A	なぜ「好き」は、些細な行動ひとつで冷めるのか【脳科学×心理学】	NA	NA	1171
xXjB3nxRqhI	なぜ人は金持ちを性格が悪いと勝手に決めつけるのか【進化心理学】	NA	NA	1106
9rz6XR0z9FY	なぜ夜職の一晩には、会社員の年収以上の価値がつくのか【行動経済学×社会心理学】	NA	NA	1236
pwEz4geoLnA	なぜ人は、売れた“推し”に冷めるのか【社会心理学】	NA	NA	1125
sf7E0ityTTg	なぜ大阪のおばちゃんは、1円を値切るのにタダで飴をくれるのか【行動経済学 ×社会心理学】	NA	NA	1797
GlhT-q-PV-Y	なぜ同じ遺伝子が、性格をここまで分岐させるのか【行動遺伝学】	NA	NA	866
Ffm8pgRKgMU	なぜ「何もできない」ことが、生物最強の武器だったのか【進化生物学】	NA	NA	571
xXzBiNgZijU	なぜサイコパスは欠伸がうつらないのか【脳科学】	NA	NA	1092
GzKtPxIiFLE	なぜ「女は上書き保存、男は名前をつけて保存」するのか？【進化心理学×脳科学】	NA	NA	1074
YApCSi3BFbI	なぜ人は、孤独より“似た地獄”を選ぶのか【脳科学×愛着理論】	NA	NA	1074
4JjnhgD_iOk	なぜ「子を産まない男」の方がデカいのか【進化生物学】	NA	NA	868
Q8oLJyOGIWo	なぜ嫌いな人ほど、あとから強く惹かれるのか【社会心理学】	NA	NA	976
0IbUBIEK0h8	なぜ「勉強しろ」と言われると逆にやりたくなくなるのか？【進化心理学×脳科学】	NA	NA	1015
fAdOCRDVwTI	なぜ人類は全員が「同じもの」を怖がるように進化しなかったのか？【進化心理学】	NA	NA	1346
WgSVwMf1kWI	なぜ同じ音が日本人だけ違って聞こえるのか【脳科学】	NA	NA	709
guVipcrrWYI	なぜ男は体の浮気を、女は心の浮気を嫌うのか？【進化心理学】	NA	NA	927
2hPS0cpLunM	なぜネット恋愛は「モテる人」も不幸にするのか【統計学×進化心理学】	NA	NA	1064
nUMPHQQHq-E	なぜ港区女子はみんな同じ見た目なのか【進化心理学×行動経済学】	NA	NA	1239
3PWz24fVAaI	なぜ4月生まれは人生において有利なのか【統計学】	NA	NA	1067
Y58BrL1aR48	なぜ“正義の味方”より“悪役”の方が魅力的なのか【進化心理学】	NA	NA	1366
LBjTKi-xeU4	なぜ科学的に否定された占いは「当たる」のか【進化心理学】	NA	NA	875
HN_ZNE332c8	なぜいじめっ子ほど出世するのか？【進化心理学】	NA	NA	896
YU2IasEBKVg	なぜ人類は「過去の記憶」を美化するのか【ノスタルジアの正体】	NA	NA	809
PCTUAu3MX2E	なぜ「乗り物酔い」が、胃の中身を吐き出す奇妙な現象を引き起こすのか？【進化生物学】	NA	NA	1068
IGnziS65Idk	なぜ人類は他人の成功に苦痛を感じるように進化したのか【進化心理学】	NA	NA	899
Umfdq7Ku9NA	なぜ希薄な友人関係が、人を不幸にするのか【進化心理学】	NA	NA	1119
GsZsEy1d90o	なぜあなたの脳は、アンチコメントを書きたがるのか【進化心理学】	NA	NA	852
hjJyXAx9DCM	なぜチー牛は全員同じ見た目なのか？【進化心理学】	NA	NA	920
yAhmcL-zYMw	なぜ他人が恥をかくと自分まで苦しいのか？【共感性羞恥の科学】	NA	NA	778
FThWT3FMCFM	なぜ頭がいい人ほど嘘が上手いのか？【生物進化学】	NA	NA	961
JluybLERc_s	なぜ復讐は甘い味がするのか？脳が仕込んだ「矛盾」の正体	NA	NA	1039
Qb-mXt3C_bY	なぜ人類は常に「幸せ」を感じるように進化しなかったのか？【生物進化学】	NA	NA	761
wmrwEe-rdWQ	なぜ選択肢が多いほど不幸になるのか？【データストーリーテリング】	NA	NA	780
KbhlSz3iBbk	なぜヤンキーは全員同じ見た目なのか？【進化生物学】	NA	NA	600
a7PRBSyQULI	なぜ音楽を聴くと鳥肌が立つのか？【データストーリーテリング】	NA	NA	654
tG-BPJ6TBQg	なぜ深夜にスマホを閉じられないのか？【データストーリーテリング】	NA	NA	651
0_oKDXTjkX0	サイコパスはなぜモテる？─100人に1人だけが持つ、“壊れた脳”の圧倒的な優位性	NA	NA	836
